Autovetture distinte per regione alimentazione e fascia di cilindrata Anno 2021,,,,,,,,,,,,
REGIONE,ALIMENTAZIONE,FASCIA,EURO 0,EURO 1,EURO 2,EURO 3,EURO 4,EURO 5,EURO 6,Non contemplato,Non identificato,TOTALE
PIEMONTE,BENZINA,Fino a 1400,131289,22606,94805,125001,290591,153929,342301,,839,1161361
PIEMONTE,,1401 - 2000,39706,14362,30550,19038,42024,17953,41919,,157,205709
PIEMONTE,,Oltre 2000,7192,1606,2632,2296,5204,1641,3835,,29,24435
PIEMONTE,,Non definito,22,,,,,,,,2,24
PIEMONTE,BENZINA Totale,,178209,38574,127987,146335,337819,173523,388055,,1027,1391529
PIEMONTE,BENZINA E GAS LIQUIDO,Fino a 1400,4464,734,3228,3769,65802,46931,102012,,6,226946
PIEMONTE,,1401 - 2000,6004,2117,4839,3044,12907,9048,12970,,5,50934
PIEMONTE,,Oltre 2000,531,223,470,405,1100,94,29,,1,2853
PIEMONTE,,Non definito,27,2,,1,7,,,,,37
PIEMONTE,BENZINA E GAS LIQUIDO Totale,,11026,3076,8537,7219,79816,56073,115011,,12,280770
PIEMONTE,BENZINA E METANO,Fino a 1400,287,43,134,255,12284,6734,6040,,,25777
PIEMONTE,,1401 - 2000,303,85,182,448,2354,10,29,,1,3412
PIEMONTE,,Oltre 2000,26,5,8,6,85,6,,,,136
PIEMONTE,BENZINA E METANO Totale,,616,133,324,709,14723,6750,6069,,1,29325
PIEMONTE,ELETTRICITA,Non contemplato,,,,,,,,8652,,8652
PIEMONTE,ELETTRICITA Totale,,,,,,,,,8652,,8652
PIEMONTE,GASOLIO,Fino a 1400,3191,226,80,14352,84915,61849,34532,,1,199146
PIEMONTE,,1401 - 2000,14407,4287,23244,82751,147564,193859,290957,,3,757072
PIEMONTE,,Oltre 2000,10214,3156,13024,22468,24843,21117,26070,,8,120900
PIEMONTE,,Non definito,1,,,1,,,,,,2
PIEMONTE,GASOLIO Totale,,27813,7669,36348,119572,257322,276825,351559,,12,1077120
PIEMONTE,IBRIDO BENZINA,Fino a 1400,,,,,46,360,43124,,,43530
PIEMONTE,,1401 - 2000,,,,,217,2370,31224,,,33811
PIEMONTE,,Oltre 2000,,,,,92,77,4021,,,4190
PIEMONTE,IBRIDO BENZINA Totale,,,,,,355,2807,78369,,,81531
PIEMONTE,IBRIDO GASOLIO,1401 - 2000,,,,,,134,4120,,,4254
PIEMONTE,,Oltre 2000,,,,,,18,1083,,,1101
PIEMONTE,IBRIDO GASOLIO Totale,,,,,,,152,5203,,,5355
PIEMONTE,METANO,Fino a 1400,14,2,5,1,6,608,1999,,,2635
PIEMONTE,,1401 - 2000,11,2,5,16,375,162,817,,,1388
PIEMONTE,,Oltre 2000,1,,,,3,,1,,,5
PIEMONTE,METANO Totale,,26,4,10,17,384,770,2817,,,4028
PIEMONTE,ALTRE,Fino a 1400,58,,,,1,3,1,,,63
PIEMONTE,,1401 - 2000,,,,2,,1,,,,3
PIEMONTE,,Oltre 2000,,,,,,,1,,,1
PIEMONTE,ALTRE Totale,,58,,,2,1,4,2,,,67
PIEMONTE,NON DEFINITO,Fino a 1400,25,,1,7,1,,,,2,36
PIEMONTE,,1401 - 2000,3,,1,2,2,,,,,8
PIEMONTE,,Oltre 2000,,,,1,,,,,,1
PIEMONTE,,Non definito,11,,,,1,,,,16,28
PIEMONTE,NON DEFINITO Totale,,39,,2,10,4,,,,18,73
PIEMONTE Totale,,,217787,49456,173208,273864,690424,516904,947085,8652,1070,2878450
VALLE D'AOSTA,BENZINA,Fino a 1400,4152,637,2802,3865,10963,5508,53768,,8,81703
VALLE D'AOSTA,,1401 - 2000,1473,570,1317,904,2615,677,3328,,,10884
VALLE D'AOSTA,,Oltre 2000,193,58,93,80,192,44,1226,,,1886
VALLE D'AOSTA,BENZINA Totale,,5818,1265,4212,4849,13770,6229,58322,,8,94473
VALLE D'AOSTA,BENZINA E GAS LIQUIDO,Fino a 1400,33,7,27,49,993,401,740,,,2250
VALLE D'AOSTA,,1401 - 2000,63,25,51,37,227,77,97,,1,578
VALLE D'AOSTA,,Oltre 2000,15,6,14,8,34,4,,,,81
VALLE D'AOSTA,BENZINA E GAS LIQUIDO Totale,,111,38,92,94,1254,482,837,,1,2909
VALLE D'AOSTA,BENZINA E METANO,Fino a 1400,1,,2,4,73,99,97,,,276
VALLE D'AOSTA,,1401 - 2000,5,4,1,5,16,,1,,,32
VALLE D'AOSTA,,Oltre 2000,,1,,,1,,,,,2
VALLE D'AOSTA,BENZINA E METANO Totale,,6,5,3,9,90,99,98,,,310
VALLE D'AOSTA,ELETTRICITA,Non contemplato,,,,,,,,1640,,1640
VALLE D'AOSTA,ELETTRICITA Totale,,,,,,,,,1640,,1640
VALLE D'AOSTA,GASOLIO,Fino a 1400,43,7,1,316,2086,2847,17491,,1,22792
VALLE D'AOSTA,,1401 - 2000,191,72,621,2613,5318,7185,63924,,1,79925
VALLE D'AOSTA,,Oltre 2000,216,129,595,1084,1248,1013,22830,,,27115
VALLE D'AOSTA,GASOLIO Totale,,450,208,1217,4013,8652,11045,104245,,2,129832
VALLE D'AOSTA,IBRIDO BENZINA,Fino a 1400,,,,,1,21,16740,,,16762
VALLE D'AOSTA,,1401 - 2000,,,,,7,90,2187,,,2284
VALLE D'AOSTA,,Oltre 2000,,,,,7,2,291,,,300
VALLE D'AOSTA,IBRIDO BENZINA Totale,,,,,,15,113,19218,,,19346
VALLE D'AOSTA,IBRIDO GASOLIO,1401 - 2000,,,,,,15,594,,,609
VALLE D'AOSTA,,Oltre 2000,,,,,,,141,,,141
VALLE D'AOSTA,IBRIDO GASOLIO Totale,,,,,,,15,735,,,750
VALLE D'AOSTA,METANO,Fino a 1400,,,,,,9,56,,,65
VALLE D'AOSTA,,1401 - 2000,,,,1,3,4,39,,,47
VALLE D'AOSTA,,Oltre 2000,,,,,,,2,,,2
VALLE D'AOSTA,METANO Totale,,,,,1,3,13,97,,,114
VALLE D'AOSTA,ALTRE,Fino a 1400,1,,,,,,,,,1
VALLE D'AOSTA,ALTRE Totale,,1,,,,,,,,,1
VALLE D'AOSTA,NON DEFINITO,1401 - 2000,1,,,,,,,,,1
VALLE D'AOSTA,NON DEFINITO Totale,,1,,,,,,,,,1
VALLE D'AOSTA Totale,,,6387,1516,5524,8966,23784,17996,183552,1640,11,249376
LOMBARDIA,BENZINA,Fino a 1400,214256,37640,153694,222164,657327,463915,943607,,1461,2694064
LOMBARDIA,,1401 - 2000,87992,34124,72366,49386,144543,71598,153997,,323,614329
LOMBARDIA,,Oltre 2000,21174,5276,9191,8047,18397,5596,14278,,68,82027
LOMBARDIA,,Non definito,36,1,,,1,1,,,6,45
LOMBARDIA,BENZINA Totale,,323458,77041,235251,279597,820268,541110,1111882,,1858,3390465
LOMBARDIA,BENZINA E GAS LIQUIDO,Fino a 1400,5692,691,2216,3345,93848,59507,97243,,20,262562
LOMBARDIA,,1401 - 2000,8600,2768,5405,3648,27554,16075,19506,,11,83567
LOMBARDIA,,Oltre 2000,1143,378,1013,1072,3439,343,136,,1,7525
LOMBARDIA,,Non definito,2,,,,,,,,1,3
LOMBARDIA,BENZINA E GAS LIQUIDO Totale,,15437,3837,8634,8065,124841,75925,116885,,33,353657
LOMBARDIA,BENZINA E METANO,Fino a 1400,728,128,466,595,16580,16757,13947,,2,49203
LOMBARDIA,,1401 - 2000,804,302,693,893,4008,54,181,,2,6937
LOMBARDIA,,Oltre 2000,91,29,42,39,321,28,1,,,551
LOMBARDIA,BENZINA E METANO Totale,,1623,459,1201,1527,20909,16839,14129,,4,56691
LOMBARDIA,ELETTRICITA,Non contemplato,,,,,,,,23429,,23429
LOMBARDIA,ELETTRICITA Totale,,,,,,,,,23429,,23429
LOMBARDIA,GASOLIO,Fino a 1400,5369,236,189,24443,103410,89997,47686,,2,271332
LOMBARDIA,,1401 - 2000,29292,7451,35756,130331,282677,439985,648180,,14,1573686
LOMBARDIA,,Oltre 2000,22180,6555,23787,47029,63104,62211,74106,,11,298983
LOMBARDIA,,Non definito,6,,,,1,,,,,7
LOMBARDIA,GASOLIO Totale,,56847,14242,59732,201803,449192,592193,769972,,27,2144008
LOMBARDIA,IBRIDO BENZINA,Fino a 1400,1,,,,174,1669,74023,,,75867
LOMBARDIA,,1401 - 2000,1,,,,996,11440,108740,,,121177
LOMBARDIA,,Oltre 2000,1,,,,672,640,18691,,,20004
LOMBARDIA,,Non definito,,,,,,,1,,,1
LOMBARDIA,IBRIDO BENZINA Totale,,3,,,,1842,13749,201455,,,217049
LOMBARDIA,IBRIDO GASOLIO,1401 - 2000,,,,,,425,12957,,,13382
LOMBARDIA,,Oltre 2000,4,,,8,,73,4076,,,4161
LOMBARDIA,IBRIDO GASOLIO Totale,,4,,,8,,498,17033,,,17543
LOMBARDIA,METANO,Fino a 1400,35,3,11,17,9,2775,7436,,,10286
LOMBARDIA,,1401 - 2000,52,18,19,172,3084,1575,3567,,,8487
LOMBARDIA,,Oltre 2000,8,,2,,10,,12,,,32
LOMBARDIA,METANO Totale,,95,21,32,189,3103,4350,11015,,,18805
LOMBARDIA,ALTRE,Fino a 1400,93,,,,,,,,,93
LOMBARDIA,,1401 - 2000,,,2,1,4,,4,,,11
LOMBARDIA,,Oltre 2000,,,1,,1,,,,,2
LOMBARDIA,,Non definito,1,,,,,,,,,1
LOMBARDIA,ALTRE Totale,,94,,3,1,5,,4,,,107
LOMBARDIA,NON DEFINITO,Fino a 1400,206,1,1,7,,,,,9,224
LOMBARDIA,,1401 - 2000,32,5,5,3,,,,,3,48
LOMBARDIA,,Oltre 2000,5,,,,,,,,1,6
LOMBARDIA,,Non definito,45,1,,,1,,,,22,69
LOMBARDIA,NON DEFINITO Totale,,288,7,6,10,1,,,,35,347
LOMBARDIA Totale,,,397849,95607,304859,491200,1420161,1244664,2242375,23429,1957,6222101
LIGURIA,BENZINA,Fino a 1400,42730,7747,28080,37495,95475,58477,113065,,147,383216
LIGURIA,,1401 - 2000,11540,5071,9304,5850,13146,5223,11438,,34,61606
LIGURIA,,Oltre 2000,2003,451,747,668,1412,386,887,,6,6560
LIGURIA,,Non definito,3,,,,,,,,,3
LIGURIA,BENZINA Totale,,56276,13269,38131,44013,110033,64086,125390,,187,451385
LIGURIA,BENZINA E GAS LIQUIDO,Fino a 1400,721,79,277,370,7099,5300,10930,,3,24779
LIGURIA,,1401 - 2000,980,347,575,365,1772,999,1237,,,6275
LIGURIA,,Oltre 2000,152,47,100,70,186,29,13,,,597
LIGURIA,,Non definito,5,,,,,,,,,5
LIGURIA,BENZINA E GAS LIQUIDO Totale,,1858,473,952,805,9057,6328,12180,,3,31656
LIGURIA,BENZINA E METANO,Fino a 1400,189,43,108,110,1995,2377,1878,,,6700
LIGURIA,,1401 - 2000,166,65,90,92,232,6,11,,,662
LIGURIA,,Oltre 2000,13,3,4,3,18,2,,,,43
LIGURIA,BENZINA E METANO Totale,,368,111,202,205,2245,2385,1889,,,7405
LIGURIA,ELETTRICITA,Non contemplato,,,,,,,,1634,,1634
LIGURIA,ELETTRICITA Totale,,,,,,,,,1634,,1634
LIGURIA,GASOLIO,Fino a 1400,700,52,64,5538,26529,20155,11091,,,64129
LIGURIA,,1401 - 2000,4044,1118,6047,23023,48492,57088,82762,,1,222575
LIGURIA,,Oltre 2000,3075,1139,4350,7320,8319,6254,6323,,2,36782
LIGURIA,,Non definito,,,,1,,,,,,1
LIGURIA,GASOLIO Totale,,7819,2309,10461,35882,83340,83497,100176,,3,323487
LIGURIA,IBRIDO BENZINA,Fino a 1400,,,,,7,108,14463,,,14578
LIGURIA,,1401 - 2000,,,,,23,536,8839,,,9398
LIGURIA,,Oltre 2000,,,,,22,21,1001,,,1044
LIGURIA,IBRIDO BENZINA Totale,,,,,,52,665,24303,,,25020
LIGURIA,IBRIDO GASOLIO,1401 - 2000,,,,,,26,1415,,,1441
LIGURIA,,Oltre 2000,,,,,,6,332,,,338
LIGURIA,IBRIDO GASOLIO Totale,,,,,,,32,1747,,,1779
LIGURIA,METANO,Fino a 1400,4,1,1,4,2,250,745,,,1007
LIGURIA,,1401 - 2000,5,2,5,9,126,52,219,,,418
LIGURIA,,Oltre 2000,1,1,,,,1,,,,3
LIGURIA,METANO Totale,,10,4,6,13,128,303,964,,,1428
LIGURIA,ALTRE,Fino a 1400,10,,,,,,1,,,11
LIGURIA,,1401 - 2000,,,,,,,1,,,1
LIGURIA,ALTRE Totale,,10,,,,,,2,,,12
LIGURIA,NON DEFINITO,Fino a 1400,2,,,1,,,,,1,4
LIGURIA,,1401 - 2000,1,,,2,,,,,,3
LIGURIA,,Non definito,3,,,,1,,,,1,5
LIGURIA,NON DEFINITO Totale,,6,,,3,1,,,,2,12
LIGURIA Totale,,,66347,16166,49752,80921,204856,157296,266651,1634,195,843818
FRIULI VENEZIA GIULIA,BENZINA,Fino a 1400,29097,6721,30239,34460,95141,54531,94282,,218,344689
FRIULI VENEZIA GIULIA,,1401 - 2000,12801,5742,14315,9618,20390,7891,13922,,58,84737
FRIULI VENEZIA GIULIA,,Oltre 2000,2206,616,1054,975,1849,436,962,,13,8111
FRIULI VENEZIA GIULIA,,Non definito,2,,,,,,,,,2
FRIULI VENEZIA GIULIA,BENZINA Totale,,44106,13079,45608,45053,117380,62858,109166,,289,437539
FRIULI VENEZIA GIULIA,BENZINA E GAS LIQUIDO,Fino a 1400,515,42,184,283,7399,3264,4908,,4,16599
FRIULI VENEZIA GIULIA,,1401 - 2000,872,240,450,338,1599,823,831,,3,5156
FRIULI VENEZIA GIULIA,,Oltre 2000,103,31,74,68,193,17,14,,2,502
FRIULI VENEZIA GIULIA,BENZINA E GAS LIQUIDO Totale,,1490,313,708,689,9191,4104,5753,,9,22257
FRIULI VENEZIA GIULIA,BENZINA E METANO,Fino a 1400,43,10,44,41,702,761,604,,,2205
FRIULI VENEZIA GIULIA,,1401 - 2000,66,15,71,91,278,4,6,,,531
FRIULI VENEZIA GIULIA,,Oltre 2000,5,2,6,2,18,2,,,,35
FRIULI VENEZIA GIULIA,BENZINA E METANO Totale,,114,27,121,134,998,767,610,,,2771
FRIULI VENEZIA GIULIA,ELETTRICITA,Non contemplato,,,,,,,,2219,,2219
FRIULI VENEZIA GIULIA,ELETTRICITA Totale,,,,,,,,,2219,,2219
FRIULI VENEZIA GIULIA,GASOLIO,Fino a 1400,220,18,25,4477,20246,12846,6596,,,44428
FRIULI VENEZIA GIULIA,,1401 - 2000,1671,600,4419,24649,53504,63911,82680,,,231434
FRIULI VENEZIA GIULIA,,Oltre 2000,1859,899,3505,8570,10583,8298,9437,,3,43154
FRIULI VENEZIA GIULIA,GASOLIO Totale,,3750,1517,7949,37696,84333,85055,98713,,3,319016
FRIULI VENEZIA GIULIA,IBRIDO BENZINA,Fino a 1400,,,,,15,178,8769,,,8962
FRIULI VENEZIA GIULIA,,1401 - 2000,2,,,,72,1068,10017,,,11159
FRIULI VENEZIA GIULIA,,Oltre 2000,,,,,89,83,1578,,,1750
FRIULI VENEZIA GIULIA,,Non definito,1,,,,,,,,,1
FRIULI VENEZIA GIULIA,IBRIDO BENZINA Totale,,3,,,,176,1329,20364,,,21872
FRIULI VENEZIA GIULIA,IBRIDO GASOLIO,1401 - 2000,,,,,,43,1439,,,1482
FRIULI VENEZIA GIULIA,,Oltre 2000,1,,,,,10,391,,,402
FRIULI VENEZIA GIULIA,IBRIDO GASOLIO Totale,,1,,,,,53,1830,,,1884
FRIULI VENEZIA GIULIA,METANO,Fino a 1400,3,,2,3,3,135,398,,,544
FRIULI VENEZIA GIULIA,,1401 - 2000,2,3,5,10,113,67,167,,,367
FRIULI VENEZIA GIULIA,,Oltre 2000,,,2,,,,,,,2
FRIULI VENEZIA GIULIA,METANO Totale,,5,3,9,13,116,202,565,,,913
FRIULI VENEZIA GIULIA,ALTRE,Fino a 1400,27,,,,,1,,,,28
FRIULI VENEZIA GIULIA,ALTRE Totale,,27,,,,,1,,,,28
FRIULI VENEZIA GIULIA,NON DEFINITO,Fino a 1400,8,,,,,,,,,8
FRIULI VENEZIA GIULIA,,1401 - 2000,4,,,,,,,,,4
FRIULI VENEZIA GIULIA,,Oltre 2000,1,,,,,,,,,1
FRIULI VENEZIA GIULIA,,Non definito,4,,,,,,,,2,6
FRIULI VENEZIA GIULIA,NON DEFINITO Totale,,17,,,,,,,,2,19
FRIULI VENEZIA GIULIA Totale,,,49513,14939,54395,83585,212194,154369,237001,2219,303,808518
TRENTINO ALTO ADIGE,BENZINA,Fino a 1400,17435,3070,13110,16194,61348,38364,154508,,88,304117
TRENTINO ALTO ADIGE,,1401 - 2000,8242,3157,7209,4580,17537,7146,46348,,17,94236
TRENTINO ALTO ADIGE,,Oltre 2000,2163,583,907,821,2175,661,6426,,3,13739
TRENTINO ALTO ADIGE,,Non definito,5,,,,,,,,,5
TRENTINO ALTO ADIGE,BENZINA Totale,,27845,6810,21226,21595,81060,46171,207282,,108,412097
TRENTINO ALTO ADIGE,BENZINA E GAS LIQUIDO,Fino a 1400,373,56,155,228,5478,2717,13738,,,22745
TRENTINO ALTO ADIGE,,1401 - 2000,724,235,439,329,2256,772,836,,1,5592
TRENTINO ALTO ADIGE,,Oltre 2000,103,58,108,96,263,15,10,,,653
TRENTINO ALTO ADIGE,,Non definito,1,,,,,,,,,1
TRENTINO ALTO ADIGE,BENZINA E GAS LIQUIDO Totale,,1201,349,702,653,7997,3504,14584,,1,28991
TRENTINO ALTO ADIGE,BENZINA E METANO,Fino a 1400,43,4,19,30,949,818,3854,,,5717
TRENTINO ALTO ADIGE,,1401 - 2000,47,20,38,58,231,5,53,,2,454
TRENTINO ALTO ADIGE,,Oltre 2000,8,2,2,2,33,3,,,,50
TRENTINO ALTO ADIGE,BENZINA E METANO Totale,,98,26,59,90,1213,826,3907,,2,6221
TRENTINO ALTO ADIGE,ELETTRICITA,Non contemplato,,,,,,,,23274,,23274
TRENTINO ALTO ADIGE,ELETTRICITA Totale,,,,,,,,,23274,,23274
TRENTINO ALTO ADIGE,GASOLIO,Fino a 1400,234,14,18,2473,12058,12731,24037,,,51565
TRENTINO ALTO ADIGE,,1401 - 2000,2076,615,5098,20676,50392,78662,381790,,1,539310
TRENTINO ALTO ADIGE,,Oltre 2000,1611,826,3828,9048,13715,11747,30303,,3,71081
TRENTINO ALTO ADIGE,,Non definito,,,1,,,,,,,1
TRENTINO ALTO ADIGE,GASOLIO Totale,,3921,1455,8945,32197,76165,103140,436130,,4,661957
TRENTINO ALTO ADIGE,IBRIDO BENZINA,Fino a 1400,,,,,4,53,28255,,,28312
TRENTINO ALTO ADIGE,,1401 - 2000,,,,,62,634,23480,,,24176
TRENTINO ALTO ADIGE,,Oltre 2000,,,,,44,24,4074,,,4142
TRENTINO ALTO ADIGE,IBRIDO BENZINA Totale,,,,,,110,711,55809,,,56630
TRENTINO ALTO ADIGE,IBRIDO GASOLIO,1401 - 2000,,,,,,40,15538,,,15578
TRENTINO ALTO ADIGE,,Oltre 2000,,,,,,11,2950,,,2961
TRENTINO ALTO ADIGE,IBRIDO GASOLIO Totale,,,,,,,51,18488,,,18539
TRENTINO ALTO ADIGE,METANO,Fino a 1400,,,1,2,1,216,3004,,,3224
TRENTINO ALTO ADIGE,,1401 - 2000,3,1,1,7,244,141,3177,,,3574
TRENTINO ALTO ADIGE,,Oltre 2000,,,,,,2,3,,,5
TRENTINO ALTO ADIGE,,Non definito,,,,,,,3,,,3
TRENTINO ALTO ADIGE,METANO Totale,,3,1,2,9,245,359,6187,,,6806
TRENTINO ALTO ADIGE,ALTRE,Fino a 1400,24,,,,,,2,,,26
TRENTINO ALTO ADIGE,,Non definito,,,,,,,7,,,7
TRENTINO ALTO ADIGE,ALTRE Totale,,24,,,,,,9,,,33
TRENTINO ALTO ADIGE,NON DEFINITO,Fino a 1400,6,,,,,,,,2,8
TRENTINO ALTO ADIGE,,1401 - 2000,4,,,,1,,,,,5
TRENTINO ALTO ADIGE,,Non definito,2,,,,,,,,1,3
TRENTINO ALTO ADIGE,NON DEFINITO Totale,,12,,,,1,,,,3,16
TRENTINO ALTO ADIGE Totale,,,33104,8641,30934,54544,166791,154762,742396,23274,118,1214564
VENETO,BENZINA,Fino a 1400,95696,19672,89482,101993,278418,154563,324921,,729,1065474
VENETO,,1401 - 2000,35172,15530,35069,20906,58226,21226,47771,,170,234070
VENETO,,Oltre 2000,8797,2398,3743,3296,7767,2497,5607,,35,34140
VENETO,,Non definito,20,,,,,1,,,2,23
VENETO,BENZINA Totale,,139685,37600,128294,126195,344411,178287,378299,,936,1333707
VENETO,BENZINA E GAS LIQUIDO,Fino a 1400,5674,594,2399,3497,67748,40156,76685,,17,196770
VENETO,,1401 - 2000,7791,2479,5246,3388,23105,9847,10982,,18,62856
VENETO,,Oltre 2000,807,252,575,744,1916,207,154,,2,4657
VENETO,,Non definito,1,,,,1,,,,2,4
VENETO,BENZINA E GAS LIQUIDO Totale,,14273,3325,8220,7629,92770,50210,87821,,39,264287
VENETO,BENZINA E METANO,Fino a 1400,1369,334,1245,1479,21018,21396,19764,,4,66609
VENETO,,1401 - 2000,1528,660,1621,1976,6093,76,164,,1,12119
VENETO,,Oltre 2000,125,33,75,44,416,50,,,1,744
VENETO,BENZINA E METANO Totale,,3022,1027,2941,3499,27527,21522,19928,,6,79472
VENETO,ELETTRICITA,Non contemplato,,,,,,,,10547,,10547
VENETO,ELETTRICITA Totale,,,,,,,,,10547,,10547
VENETO,GASOLIO,Fino a 1400,1501,99,91,19077,79753,61745,31802,,2,194070
VENETO,,1401 - 2000,10599,3829,29062,101267,189913,275731,400900,,8,1011309
VENETO,,Oltre 2000,9789,3844,15248,31599,40167,36471,45527,,8,182653
VENETO,,Non definito,1,,1,,,,,,,2
VENETO,GASOLIO Totale,,21890,7772,44402,151943,309833,373947,478229,,18,1388034
VENETO,IBRIDO BENZINA,Fino a 1400,,,,,44,395,28298,,,28737
VENETO,,1401 - 2000,,,,,249,4124,43244,,,47617
VENETO,,Oltre 2000,1,,,,426,290,9327,,,10044
VENETO,IBRIDO BENZINA Totale,,1,,,,719,4809,80869,,,86398
VENETO,IBRIDO GASOLIO,Fino a 1400,,,,,,,1,,,1
VENETO,,1401 - 2000,,,,,,196,8678,,,8874
VENETO,,Oltre 2000,,,,,,61,2997,,,3058
VENETO,IBRIDO GASOLIO Totale,,,,,,,257,11676,,,11933
VENETO,METANO,Fino a 1400,33,3,9,3,24,3444,10077,,,13593
VENETO,,1401 - 2000,40,7,28,237,4576,2092,5321,,,12301
VENETO,,Oltre 2000,6,,,1,4,,5,,,16
VENETO,METANO Totale,,79,10,37,241,4604,5536,15403,,,25910
VENETO,ALTRE,Fino a 1400,35,,,,5,8,,,,48
VENETO,,1401 - 2000,1,2,1,,,1,1,,,6
VENETO,ALTRE Totale,,36,2,1,,5,9,1,,,54
VENETO,NON DEFINITO,Fino a 1400,32,,,1,1,,,,4,38
VENETO,,1401 - 2000,9,,,1,1,,,,,11
VENETO,,Oltre 2000,4,,1,2,1,,,,,8
VENETO,,Non definito,6,,,,,,,,1,7
VENETO,NON DEFINITO Totale,,51,,1,4,3,,,,5,64
VENETO Totale,,,179037,49736,183896,289511,779872,634577,1072226,10547,1004,3200406
EMILIA ROMAGNA,BENZINA,Fino a 1400,99193,18152,74282,89999,235741,127353,281019,,571,926310
EMILIA ROMAGNA,,1401 - 2000,33561,12953,28221,15888,44674,19274,38939,,123,193633
EMILIA ROMAGNA,,Oltre 2000,9120,2254,3854,2896,6160,1696,4285,,32,30297
EMILIA ROMAGNA,,Non definito,22,,,,,,,,3,25
EMILIA ROMAGNA,BENZINA Totale,,141896,33359,106357,108783,286575,148323,324243,,729,1150265
EMILIA ROMAGNA,BENZINA E GAS LIQUIDO,Fino a 1400,7431,1134,4106,5701,77457,52614,106883,,15,255341
EMILIA ROMAGNA,,1401 - 2000,8429,2790,5798,4018,24314,13374,15481,,16,74220
EMILIA ROMAGNA,,Oltre 2000,781,256,639,610,1587,119,85,,1,4078
EMILIA ROMAGNA,,Non definito,4,,,,,,,,1,5
EMILIA ROMAGNA,BENZINA E GAS LIQUIDO Totale,,16645,4180,10543,10329,103358,66107,122449,,33,333644
EMILIA ROMAGNA,BENZINA E METANO,Fino a 1400,4828,862,3426,4308,48080,45117,37609,,10,144240
EMILIA ROMAGNA,,1401 - 2000,3582,1202,3063,4193,12962,170,224,,2,25398
EMILIA ROMAGNA,,Oltre 2000,186,59,77,72,623,127,,,2,1146
EMILIA ROMAGNA,,Non definito,2,,,,,,,,1,3
EMILIA ROMAGNA,BENZINA E METANO Totale,,8598,2123,6566,8573,61665,45414,37833,,15,170787
EMILIA ROMAGNA,ELETTRICITA,Non contemplato,,,,,,,,7927,,7927
EMILIA ROMAGNA,ELETTRICITA Totale,,,,,,,,,7927,,7927
EMILIA ROMAGNA,GASOLIO,Fino a 1400,1728,85,104,16675,59275,52913,31993,,2,162775
EMILIA ROMAGNA,,1401 - 2000,12100,3353,22280,76312,138173,217010,369585,,3,838816
EMILIA ROMAGNA,,Oltre 2000,10209,3568,13722,24870,29658,27066,32341,,8,141442
EMILIA ROMAGNA,,Non definito,1,,,1,,,,,,2
EMILIA ROMAGNA,GASOLIO Totale,,24038,7006,36106,117858,227106,296989,433919,,13,1143035
EMILIA ROMAGNA,IBRIDO BENZINA,Fino a 1400,,,,,58,541,28503,,,29102
EMILIA ROMAGNA,,1401 - 2000,,,,,322,4034,41465,,,45821
EMILIA ROMAGNA,,Oltre 2000,,,,,208,219,7527,,,7954
EMILIA ROMAGNA,IBRIDO BENZINA Totale,,,,,,588,4794,77495,,,82877
EMILIA ROMAGNA,IBRIDO GASOLIO,Fino a 1400,,,,,,,1,,,1
EMILIA ROMAGNA,,1401 - 2000,,,,1,,184,7822,,,8007
EMILIA ROMAGNA,,Oltre 2000,1,,,,,27,1861,,,1889
EMILIA ROMAGNA,IBRIDO GASOLIO Totale,,1,,,1,,211,9684,,,9897
EMILIA ROMAGNA,METANO,Fino a 1400,62,11,30,22,51,4956,13218,,,18350
EMILIA ROMAGNA,,1401 - 2000,68,11,34,470,6531,3063,6310,,,16487
EMILIA ROMAGNA,,Oltre 2000,7,1,4,,6,,8,,,26
EMILIA ROMAGNA,METANO Totale,,137,23,68,492,6588,8019,19536,,,34863
EMILIA ROMAGNA,ALTRE,Fino a 1400,84,1,,,,,,,,85
EMILIA ROMAGNA,,1401 - 2000,2,3,1,1,,,1,,,8
EMILIA ROMAGNA,,Non definito,,,,,,,1,,,1
EMILIA ROMAGNA,ALTRE Totale,,86,4,1,1,,,2,,,94
EMILIA ROMAGNA,NON DEFINITO,Fino a 1400,19,,,,,,,,3,22
EMILIA ROMAGNA,,1401 - 2000,9,,,,2,,,,,11
EMILIA ROMAGNA,,Non definito,5,,,,1,,,,2,8
EMILIA ROMAGNA,NON DEFINITO Totale,,33,,,,3,,,,5,41
EMILIA ROMAGNA Totale,,,191434,46695,159641,246037,685883,569857,1025161,7927,795,2933430
TOSCANA,BENZINA,Fino a 1400,101345,17702,69510,96219,228887,139354,316969,,960,970946
TOSCANA,,1401 - 2000,27600,10125,20977,12776,29031,12131,42773,,178,155591
TOSCANA,,Oltre 2000,5960,1321,2038,1671,3247,979,4638,,33,19887
TOSCANA,,Non definito,34,,,,,1,,,,35
TOSCANA,BENZINA Totale,,134939,29148,92525,110666,261165,152465,364380,,1171,1146459
TOSCANA,BENZINA E GAS LIQUIDO,Fino a 1400,3900,553,1765,2296,33079,27676,66880,,5,136154
TOSCANA,,1401 - 2000,4521,1478,2558,1523,7244,6118,9214,,10,32666
TOSCANA,,Oltre 2000,507,164,289,270,685,61,41,,2,2019
TOSCANA,,Non definito,1,,1,1,,,,,,3
TOSCANA,BENZINA E GAS LIQUIDO Totale,,8929,2195,4613,4090,41008,33855,76135,,17,170842
TOSCANA,BENZINA E METANO,Fino a 1400,1651,332,1299,1135,16830,21631,18999,,2,61879
TOSCANA,,1401 - 2000,1092,437,938,916,3189,71,64,,,6707
TOSCANA,,Oltre 2000,65,32,49,23,171,22,,,,362
TOSCANA,,Non definito,1,,,,,,,,,1
TOSCANA,BENZINA E METANO Totale,,2809,801,2286,2074,20190,21724,19063,,2,68949
TOSCANA,ELETTRICITA,Non contemplato,,,,,,,,10482,,10482
TOSCANA,ELETTRICITA Totale,,,,,,,,,10482,,10482
TOSCANA,GASOLIO,Fino a 1400,1873,85,104,14173,66064,54881,49484,,2,186666
TOSCANA,,1401 - 2000,10590,2200,14626,58118,121587,166635,422787,,6,796549
TOSCANA,,Oltre 2000,9072,3382,12529,21067,23966,19169,32508,,5,121698
TOSCANA,GASOLIO Totale,,21535,5667,27259,93358,211617,240685,504779,,13,1104913
TOSCANA,IBRIDO BENZINA,Fino a 1400,,,,,26,261,32160,,,32447
TOSCANA,,1401 - 2000,,,,,149,1834,33790,,,35773
TOSCANA,,Oltre 2000,1,,,,87,71,4563,,,4722
TOSCANA,IBRIDO BENZINA Totale,,1,,,,262,2166,70513,,,72942
TOSCANA,IBRIDO GASOLIO,1401 - 2000,,,,,,76,9299,,,9375
TOSCANA,,Oltre 2000,,,,,,18,1557,,,1575
TOSCANA,IBRIDO GASOLIO Totale,,,,,,,94,10856,,,10950
TOSCANA,METANO,Fino a 1400,43,6,18,22,29,2473,8632,,,11223
TOSCANA,,1401 - 2000,44,10,19,70,1201,586,2861,,,4791
TOSCANA,,Oltre 2000,7,1,2,,1,,9,,,20
TOSCANA,METANO Totale,,94,17,39,92,1231,3059,11502,,,16034
TOSCANA,ALTRE,Fino a 1400,50,,,,,1,,,,51
TOSCANA,,1401 - 2000,,,1,,,,,,,1
TOSCANA,,Oltre 2000,,,,,1,,,,,1
TOSCANA,ALTRE Totale,,50,,1,,1,1,,,,53
TOSCANA,NON DEFINITO,Fino a 1400,24,,,1,,,,,10,35
TOSCANA,,1401 - 2000,6,,,,1,,,,,7
TOSCANA,,Oltre 2000,,,,1,,,,,1,2
TOSCANA,,Non definito,19,,,,1,,,,13,33
TOSCANA,NON DEFINITO Totale,,49,,,2,2,,,,24,77
TOSCANA Totale,,,168406,37828,126723,210282,535476,454049,1057228,10482,1227,2601701
UMBRIA,BENZINA,Fino a 1400,34722,6192,24500,24036,46924,21943,43940,,185,202442
UMBRIA,,1401 - 2000,7998,3175,6147,3199,5947,1831,3773,,33,32103
UMBRIA,,Oltre 2000,1498,404,581,511,942,247,459,,10,4652
UMBRIA,,Non definito,10,,,,,,,,2,12
UMBRIA,BENZINA Totale,,44228,9771,31228,27746,53813,24021,48172,,230,239209
UMBRIA,BENZINA E GAS LIQUIDO,Fino a 1400,2445,400,1264,1304,11278,7450,15291,,3,39435
UMBRIA,,1401 - 2000,2229,773,1190,683,2677,1263,1708,,2,10525
UMBRIA,,Oltre 2000,132,46,75,77,181,7,5,,1,524
UMBRIA,,Non definito,,,,,1,,,,,1
UMBRIA,BENZINA E GAS LIQUIDO Totale,,4806,1219,2529,2064,14137,8720,17004,,6,50485
UMBRIA,BENZINA E METANO,Fino a 1400,1092,279,1148,850,8785,10620,11180,,2,33956
UMBRIA,,1401 - 2000,635,277,554,598,1628,48,68,,2,3810
UMBRIA,,Oltre 2000,32,7,27,20,109,14,,,,209
UMBRIA,BENZINA E METANO Totale,,1759,563,1729,1468,10522,10682,11248,,4,37975
UMBRIA,ELETTRICITA,Non contemplato,,,,,,,,1086,,1086
UMBRIA,ELETTRICITA Totale,,,,,,,,,1086,,1086
UMBRIA,GASOLIO,Fino a 1400,868,58,53,6045,28908,16860,11789,,1,64582
UMBRIA,,1401 - 2000,4546,1297,8610,24323,42020,44038,74122,,2,198958
UMBRIA,,Oltre 2000,3429,1239,4514,6654,6808,4679,5890,,2,33215
UMBRIA,,Non definito,3,,,,,,,,,3
UMBRIA,GASOLIO Totale,,8846,2594,13177,37022,77736,65577,91801,,5,296758
UMBRIA,IBRIDO BENZINA,Fino a 1400,,,,,5,57,5415,,,5477
UMBRIA,,1401 - 2000,,,,,25,363,4171,,,4559
UMBRIA,,Oltre 2000,,,,,11,16,555,,,582
UMBRIA,IBRIDO BENZINA Totale,,,,,,41,436,10141,,,10618
UMBRIA,IBRIDO GASOLIO,1401 - 2000,,,,,,36,1040,,,1076
UMBRIA,,Oltre 2000,1,,,,,4,268,,,273
UMBRIA,IBRIDO GASOLIO Totale,,1,,,,,40,1308,,,1349
UMBRIA,METANO,Fino a 1400,18,4,10,9,16,899,3696,,,4652
UMBRIA,,1401 - 2000,19,4,3,42,913,360,1680,,,3021
UMBRIA,,Oltre 2000,,,1,,,1,,,,2
UMBRIA,METANO Totale,,37,8,14,51,929,1260,5376,,,7675
UMBRIA,ALTRE,Fino a 1400,11,,,,,,,,,11
UMBRIA,ALTRE Totale,,11,,,,,,,,,11
UMBRIA,NON DEFINITO,Fino a 1400,9,,,,1,,,,,10
UMBRIA,,1401 - 2000,1,,,,1,,,,1,3
UMBRIA,,Oltre 2000,,,,1,,,,,,1
UMBRIA,,Non definito,3,,,,,,,,,3
UMBRIA,NON DEFINITO Totale,,13,,,1,2,,,,1,17
UMBRIA Totale,,,59701,14155,48677,68352,157180,110736,185050,1086,246,645183
MARCHE,BENZINA,Fino a 1400,48070,8615,33680,35460,71869,35214,64608,,195,297711
MARCHE,,1401 - 2000,12025,4519,8916,4639,9978,3881,6621,,47,50626
MARCHE,,Oltre 2000,2661,637,967,757,1481,339,691,,5,7538
MARCHE,,Non definito,6,,,,,,,,1,7
MARCHE,BENZINA Totale,,62762,13771,43563,40856,83328,39434,71920,,248,355882
MARCHE,BENZINA E GAS LIQUIDO,Fino a 1400,2968,406,1335,1291,16703,10929,25279,,2,58913
MARCHE,,1401 - 2000,3126,1017,1457,879,3918,2271,3573,,3,16244
MARCHE,,Oltre 2000,225,55,128,124,316,32,14,,,894
MARCHE,,Non definito,1,,,,,,,,,1
MARCHE,BENZINA E GAS LIQUIDO Totale,,6320,1478,2920,2294,20937,13232,28866,,5,76052
MARCHE,BENZINA E METANO,Fino a 1400,3162,880,4000,3833,27032,31378,29281,,3,99569
MARCHE,,1401 - 2000,1985,869,2342,2300,5778,268,226,,,13768
MARCHE,,Oltre 2000,78,17,53,33,553,82,,,,816
MARCHE,BENZINA E METANO Totale,,5225,1766,6395,6166,33363,31728,29507,,3,114153
MARCHE,ELETTRICITA,Non contemplato,,,,,,,,2072,,2072
MARCHE,ELETTRICITA Totale,,,,,,,,,2072,,2072
MARCHE,GASOLIO,Fino a 1400,1072,67,91,9468,47032,23871,15234,,1,96836
MARCHE,,1401 - 2000,5265,1773,12148,38002,63487,68276,115223,,2,304176
MARCHE,,Oltre 2000,4211,1619,5429,8836,9673,6906,8880,,4,45558
MARCHE,GASOLIO Totale,,10548,3459,17668,56306,120192,99053,139337,,7,446570
MARCHE,IBRIDO BENZINA,Fino a 1400,,,,,7,100,8523,,,8630
MARCHE,,1401 - 2000,,,,,39,548,6718,,,7305
MARCHE,,Oltre 2000,,,,,42,16,1049,,,1107
MARCHE,IBRIDO BENZINA Totale,,,,,,88,664,16290,,,17042
MARCHE,IBRIDO GASOLIO,1401 - 2000,1,,,,,33,2008,,,2042
MARCHE,,Oltre 2000,,,,,,2,500,,,502
MARCHE,IBRIDO GASOLIO Totale,,1,,,,,35,2508,,,2544
MARCHE,METANO,Fino a 1400,36,4,21,25,32,3169,11060,,,14347
MARCHE,,1401 - 2000,39,1,24,230,4147,2018,4667,,,11126
MARCHE,,Oltre 2000,3,,1,,4,,1,,,9
MARCHE,METANO Totale,,78,5,46,255,4183,5187,15728,,,25482
MARCHE,ALTRE,Fino a 1400,9,,,,,,,,,9
MARCHE,ALTRE Totale,,9,,,,,,,,,9
MARCHE,NON DEFINITO,Fino a 1400,9,,,1,,,,,,10
MARCHE,,Non definito,1,,,,,,,,2,3
MARCHE,NON DEFINITO Totale,,10,,,1,,,,,2,13
MARCHE Totale,,,84953,20479,70592,105878,262091,189333,304156,2072,265,1039819
LAZIO,BENZINA,Fino a 1400,203702,36447,138240,149195,368973,209025,387367,,1764,1494713
LAZIO,,1401 - 2000,55407,20966,38784,21018,40441,13585,33075,,285,223561
LAZIO,,Oltre 2000,10667,2850,4484,3538,6862,1595,4407,,42,34445
LAZIO,,Non definito,125,,1,,,3,,,8,137
LAZIO,BENZINA Totale,,269901,60263,181509,173751,416276,224208,424849,,2099,1752856
LAZIO,BENZINA E GAS LIQUIDO,Fino a 1400,9362,1629,6616,7669,82724,51531,113207,,8,272746
LAZIO,,1401 - 2000,10400,3933,7261,4349,15313,8760,12274,,5,62295
LAZIO,,Oltre 2000,982,371,765,634,1397,89,27,,1,4266
LAZIO,,Non definito,1,,,,1,1,,,,3
LAZIO,BENZINA E GAS LIQUIDO Totale,,20745,5933,14642,12652,99435,60381,125508,,14,339310
LAZIO,BENZINA E METANO,Fino a 1400,364,93,348,420,10189,8565,5776,,,25755
LAZIO,,1401 - 2000,319,179,438,593,2103,40,32,,3,3707
LAZIO,,Oltre 2000,38,22,34,24,167,17,,,,302
LAZIO,BENZINA E METANO Totale,,721,294,820,1037,12459,8622,5808,,3,29764
LAZIO,ELETTRICITA,Non contemplato,,,,,,,,12268,,12268
LAZIO,ELETTRICITA Totale,,,,,,,,,12268,,12268
LAZIO,GASOLIO,Fino a 1400,7213,390,744,38445,163694,90870,42326,,4,343686
LAZIO,,1401 - 2000,28187,7187,41722,139481,245864,235449,337475,,21,1035386
LAZIO,,Oltre 2000,21168,6085,18492,36774,41355,26266,27467,,28,177635
LAZIO,,Non definito,2,,,2,,1,,,,5
LAZIO,GASOLIO Totale,,56570,13662,60958,214702,450913,352586,407268,,53,1556712
LAZIO,IBRIDO BENZINA,Fino a 1400,,,,,50,476,42945,,,43471
LAZIO,,1401 - 2000,5,,1,,401,5613,52786,,,58806
LAZIO,,Oltre 2000,,,,,169,142,6688,,,6999
LAZIO,IBRIDO BENZINA Totale,,5,,1,,620,6231,102419,,,109276
LAZIO,IBRIDO GASOLIO,Fino a 1400,,,,,,,1,,,1
LAZIO,,1401 - 2000,,,1,,,144,5455,,,5600
LAZIO,,Oltre 2000,1,,,3,,23,1192,,,1219
LAZIO,IBRIDO GASOLIO Totale,,1,,1,3,,167,6648,,,6820
LAZIO,METANO,Fino a 1400,53,8,21,13,13,1478,3560,,,5146
LAZIO,,1401 - 2000,54,17,29,48,732,238,1113,,,2231
LAZIO,,Oltre 2000,4,,2,2,2,,2,,,12
LAZIO,,Non definito,,,,,,,2,,,2
LAZIO,METANO Totale,,111,25,52,63,747,1716,4677,,,7391
LAZIO,ALTRE,Fino a 1400,26,,1,,,1,,,,28
LAZIO,,1401 - 2000,3,,,,1,,3,,,7
LAZIO,,Oltre 2000,1,,,,,,,,,1
LAZIO,,Non definito,,,,,,,3,,,3
LAZIO,ALTRE Totale,,30,,1,,1,1,6,,,39
LAZIO,NON DEFINITO,Fino a 1400,288,3,2,8,7,,,,13,321
LAZIO,,1401 - 2000,49,3,,8,2,,,,5,67
LAZIO,,Oltre 2000,2,,,2,,,,,,4
LAZIO,,Non definito,53,,,,,2,,,23,78
LAZIO,NON DEFINITO Totale,,392,6,2,18,9,2,,,41,470
LAZIO Totale,,,348476,80183,257986,402226,980460,653914,1077183,12268,2210,3814906
ABRUZZO,BENZINA,Fino a 1400,50561,9733,38306,39421,72800,32287,65213,,277,308598
ABRUZZO,,1401 - 2000,10674,4642,8001,3742,6719,2095,3993,,34,39900
ABRUZZO,,Oltre 2000,1802,447,758,567,1117,239,453,,4,5387
ABRUZZO,,Non definito,17,1,1,,,,,,1,20
ABRUZZO,BENZINA Totale,,63054,14823,47066,43730,80636,34621,69659,,316,353905
ABRUZZO,BENZINA E GAS LIQUIDO,Fino a 1400,3103,564,1904,1822,16535,10173,22114,,2,56217
ABRUZZO,,1401 - 2000,3558,1461,1886,889,2673,1339,1769,,6,13581
ABRUZZO,,Oltre 2000,195,68,147,100,242,10,8,,,770
ABRUZZO,BENZINA E GAS LIQUIDO Totale,,6856,2093,3937,2811,19450,11522,23891,,8,70568
ABRUZZO,BENZINA E METANO,Fino a 1400,557,136,489,414,6480,7874,5795,,,21745
ABRUZZO,,1401 - 2000,431,187,413,366,1084,15,21,,2,2519
ABRUZZO,,Oltre 2000,29,7,10,17,60,14,,,,137
ABRUZZO,,Non definito,1,,,,,,,,,1
ABRUZZO,BENZINA E METANO Totale,,1018,330,912,797,7624,7903,5816,,2,24402
ABRUZZO,ELETTRICITA,Non contemplato,,,,,,,,1347,,1347
ABRUZZO,ELETTRICITA Totale,,,,,,,,,1347,,1347
ABRUZZO,GASOLIO,Fino a 1400,1447,130,155,10095,52084,27190,17423,,1,108525
ABRUZZO,,1401 - 2000,5765,2611,16024,43855,62318,58081,88297,,6,276957
ABRUZZO,,Oltre 2000,4841,2077,6182,8999,9543,5987,7310,,3,44942
ABRUZZO,,Non definito,1,,,,,,,,,1
ABRUZZO,GASOLIO Totale,,12054,4818,22361,62949,123945,91258,113030,,10,430425
ABRUZZO,IBRIDO BENZINA,Fino a 1400,,,,,4,74,7304,,,7382
ABRUZZO,,1401 - 2000,,,,,32,467,4776,,,5275
ABRUZZO,,Oltre 2000,,,,,29,13,783,,,825
ABRUZZO,IBRIDO BENZINA Totale,,,,,,65,554,12863,,,13482
ABRUZZO,IBRIDO GASOLIO,1401 - 2000,,,,,,29,1213,,,1242
ABRUZZO,,Oltre 2000,,,,1,,4,298,,,303
ABRUZZO,IBRIDO GASOLIO Totale,,,,,1,,33,1511,,,1545
ABRUZZO,METANO,Fino a 1400,30,13,23,15,8,718,1864,,,2671
ABRUZZO,,1401 - 2000,27,9,20,35,374,208,758,,,1431
ABRUZZO,,Oltre 2000,3,1,1,,3,,,,,8
ABRUZZO,METANO Totale,,60,23,44,50,385,926,2622,,,4110
ABRUZZO,ALTRE,Fino a 1400,11,,,,,,,,,11
ABRUZZO,ALTRE Totale,,11,,,,,,,,,11
ABRUZZO,NON DEFINITO,Fino a 1400,7,,,,,,,,3,10
ABRUZZO,,Non definito,3,,,,,,,,1,4
ABRUZZO,NON DEFINITO Totale,,10,,,,,,,,4,14
ABRUZZO Totale,,,83063,22087,74320,110338,232105,146817,229392,1347,340,899809
MOLISE,BENZINA,Fino a 1400,14168,2848,10079,8939,12846,4942,9269,,79,63170
MOLISE,,1401 - 2000,2712,1162,1841,709,1042,310,553,,15,8344
MOLISE,,Oltre 2000,338,102,154,114,232,49,130,,,1119
MOLISE,,Non definito,4,,,,,,,,,4
MOLISE,BENZINA Totale,,17222,4112,12074,9762,14120,5301,9952,,94,72637
MOLISE,BENZINA E GAS LIQUIDO,Fino a 1400,587,141,485,489,3849,1902,3291,,1,10745
MOLISE,,1401 - 2000,710,354,445,217,576,282,441,,1,3026
MOLISE,,Oltre 2000,33,11,37,19,71,2,2,,,175
MOLISE,BENZINA E GAS LIQUIDO Totale,,1330,506,967,725,4496,2186,3734,,2,13946
MOLISE,BENZINA E METANO,Fino a 1400,183,53,185,126,1844,1277,765,,,4433
MOLISE,,1401 - 2000,105,74,147,130,303,7,8,,,774
MOLISE,,Oltre 2000,3,2,7,3,22,4,,,,41
MOLISE,BENZINA E METANO Totale,,291,129,339,259,2169,1288,773,,,5248
MOLISE,ELETTRICITA,Non contemplato,,,,,,,,168,,168
MOLISE,ELETTRICITA Totale,,,,,,,,,168,,168
MOLISE,GASOLIO,Fino a 1400,407,59,47,2685,16703,7273,3511,,1,30686
MOLISE,,1401 - 2000,1904,1166,6688,15103,18517,15305,19090,,4,77777
MOLISE,,Oltre 2000,1536,699,2012,2474,2331,1305,1841,,4,12202
MOLISE,GASOLIO Totale,,3847,1924,8747,20262,37551,23883,24442,,9,120665
MOLISE,IBRIDO BENZINA,Fino a 1400,,,,,,8,1087,,,1095
MOLISE,,1401 - 2000,,,,,1,43,638,,,682
MOLISE,,Oltre 2000,,,,,2,2,95,,,99
MOLISE,IBRIDO BENZINA Totale,,,,,,3,53,1820,,,1876
MOLISE,IBRIDO GASOLIO,1401 - 2000,,,,,,10,196,,,206
MOLISE,,Oltre 2000,,,,,,,48,,,48
MOLISE,IBRIDO GASOLIO Totale,,,,,,,10,244,,,254
MOLISE,METANO,Fino a 1400,6,,2,,1,99,214,,,322
MOLISE,,1401 - 2000,3,2,1,6,103,49,95,,,259
MOLISE,,Oltre 2000,,,,,,,1,,,1
MOLISE,METANO Totale,,9,2,3,6,104,148,310,,,582
MOLISE,ALTRE,Fino a 1400,6,,,,,,,,,6
MOLISE,ALTRE Totale,,6,,,,,,,,,6
MOLISE,NON DEFINITO,Non definito,1,,,,,,,,,1
MOLISE,NON DEFINITO Totale,,1,,,,,,,,,1
MOLISE Totale,,,22706,6673,22130,31014,58443,32869,41275,168,105,215383
CAMPANIA,BENZINA,Fino a 1400,375715,67460,195084,171066,264087,102781,164273,,3540,1344006
CAMPANIA,,1401 - 2000,65092,22202,30455,10522,14774,4092,7367,,303,154807
CAMPANIA,,Oltre 2000,5635,1491,2016,1276,2496,597,1650,,42,15203
CAMPANIA,,Non definito,485,2,3,,1,,,,5,496
CAMPANIA,BENZINA Totale,,446927,91155,227558,182864,281358,107470,173290,,3890,1514512
CAMPANIA,BENZINA E GAS LIQUIDO,Fino a 1400,22223,4315,16143,19742,107667,57448,85061,,75,312674
CAMPANIA,,1401 - 2000,15532,5517,7687,3592,10964,6434,5742,,34,55502
CAMPANIA,,Oltre 2000,499,145,289,209,526,22,7,,2,1699
CAMPANIA,,Non definito,4,,,,,,,,,4
CAMPANIA,BENZINA E GAS LIQUIDO Totale,,38258,9977,24119,23543,119157,63904,90810,,111,369879
CAMPANIA,BENZINA E METANO,Fino a 1400,1745,463,1843,2138,31950,25614,9967,,12,73732
CAMPANIA,,1401 - 2000,971,471,1549,2270,5223,72,39,,5,10600
CAMPANIA,,Oltre 2000,31,13,27,19,211,24,,,,325
CAMPANIA,BENZINA E METANO Totale,,2747,947,3419,4427,37384,25710,10006,,17,84657
CAMPANIA,ELETTRICITA,Non contemplato,,,,,,,,2945,,2945
CAMPANIA,ELETTRICITA Totale,,,,,,,,,2945,,2945
CAMPANIA,GASOLIO,Fino a 1400,27297,1157,820,50641,261204,101799,49737,,14,492669
CAMPANIA,,1401 - 2000,63010,18172,68924,150382,211605,182832,259942,,30,954897
CAMPANIA,,Oltre 2000,31761,7198,16899,21478,19311,12190,17820,,38,126695
CAMPANIA,,Non definito,103,3,2,1,1,,,,,110
CAMPANIA,GASOLIO Totale,,122171,26530,86645,222502,492121,296821,327499,,82,1574371
CAMPANIA,IBRIDO BENZINA,Fino a 1400,,,,,15,150,16143,,,16308
CAMPANIA,,1401 - 2000,,,1,,38,567,9112,,,9718
CAMPANIA,,Oltre 2000,,,,,16,17,989,,,1022
CAMPANIA,IBRIDO BENZINA Totale,,,,1,,69,734,26244,,,27048
CAMPANIA,IBRIDO GASOLIO,1401 - 2000,,,,,,76,2796,,,2872
CAMPANIA,,Oltre 2000,2,,,,,9,610,,,621
CAMPANIA,IBRIDO GASOLIO Totale,,2,,,,,85,3406,,,3493
CAMPANIA,METANO,Fino a 1400,65,26,40,28,25,1569,2306,,,4059
CAMPANIA,,1401 - 2000,34,33,70,99,1115,356,769,,,2476
CAMPANIA,,Oltre 2000,3,2,,,1,,3,,,9
CAMPANIA,METANO Totale,,102,61,110,127,1141,1925,3078,,,6544
CAMPANIA,ALTRE,Fino a 1400,25,,,,,,,,,25
CAMPANIA,,Oltre 2000,,,,,,,1,,,1
CAMPANIA,ALTRE Totale,,25,,,,,,1,,,26
CAMPANIA,NON DEFINITO,Fino a 1400,70,,,3,,,,,26,99
CAMPANIA,,1401 - 2000,11,,,,,,,,2,13
CAMPANIA,,Oltre 2000,2,,,,,,,,,2
CAMPANIA,,Non definito,52,2,,,1,,,,5,60
CAMPANIA,NON DEFINITO Totale,,135,2,,3,1,,,,33,174
CAMPANIA Totale,,,610367,128672,341852,433466,931231,496649,634334,2945,4133,3583649
CALABRIA,BENZINA,Fino a 1400,127251,29673,83407,68927,93655,35045,63038,,1136,502132
CALABRIA,,1401 - 2000,20086,9038,11873,4282,5908,1548,2921,,133,55789
CALABRIA,,Oltre 2000,1670,519,792,512,970,225,351,,9,5048
CALABRIA,,Non definito,42,,,1,,,,,2,45
CALABRIA,BENZINA Totale,,149049,39230,96072,73722,100533,36818,66310,,1280,563014
CALABRIA,BENZINA E GAS LIQUIDO,Fino a 1400,2857,642,1598,1064,11567,5198,7511,,7,30444
CALABRIA,,1401 - 2000,4183,2058,2114,573,1599,776,897,,1,12201
CALABRIA,,Oltre 2000,204,94,138,110,197,9,3,,,755
CALABRIA,,Non definito,1,1,,1,1,,,,,4
CALABRIA,BENZINA E GAS LIQUIDO Totale,,7245,2795,3850,1748,13364,5983,8411,,8,43404
CALABRIA,BENZINA E METANO,Fino a 1400,146,44,152,103,1458,1869,1139,,,4911
CALABRIA,,1401 - 2000,96,52,93,113,308,7,17,,,686
CALABRIA,,Oltre 2000,9,2,10,1,22,2,,,,46
CALABRIA,BENZINA E METANO Totale,,251,98,255,217,1788,1878,1156,,,5643
CALABRIA,ELETTRICITA,Non contemplato,,,,,,,,923,,923
CALABRIA,ELETTRICITA Totale,,,,,,,,,923,,923
CALABRIA,GASOLIO,Fino a 1400,8051,692,269,17338,107202,45709,23468,,4,202733
CALABRIA,,1401 - 2000,19410,9543,37374,74345,96183,77277,115650,,22,429804
CALABRIA,,Oltre 2000,12493,4791,12569,12903,11686,6608,7790,,20,68860
CALABRIA,,Non definito,3,,1,,,,,,,4
CALABRIA,GASOLIO Totale,,39957,15026,50213,104586,215071,129594,146908,,46,701401
CALABRIA,IBRIDO BENZINA,Fino a 1400,,,,,6,28,7195,,,7229
CALABRIA,,1401 - 2000,,,,,21,315,4133,,,4469
CALABRIA,,Oltre 2000,,,,,9,3,529,,,541
CALABRIA,IBRIDO BENZINA Totale,,,,,,36,346,11857,,,12239
CALABRIA,IBRIDO GASOLIO,1401 - 2000,,,,1,,30,1192,,,1223
CALABRIA,,Oltre 2000,,,,,,4,267,,,271
CALABRIA,IBRIDO GASOLIO Totale,,,,,1,,34,1459,,,1494
CALABRIA,METANO,Fino a 1400,8,2,9,,1,197,645,,,862
CALABRIA,,1401 - 2000,8,4,3,5,44,39,252,,,355
CALABRIA,,Oltre 2000,,,,,,,3,,,3
CALABRIA,METANO Totale,,16,6,12,5,45,236,900,,,1220
CALABRIA,ALTRE,Fino a 1400,11,,,,,,,,,11
CALABRIA,,1401 - 2000,1,,,,,,,,,1
CALABRIA,ALTRE Totale,,12,,,,,,,,,12
CALABRIA,NON DEFINITO,Fino a 1400,9,,,1,,,,,7,17
CALABRIA,,1401 - 2000,7,,1,,,,,,2,10
CALABRIA,,Non definito,15,,,,,,,,3,18
CALABRIA,NON DEFINITO Totale,,31,,1,1,,,,,12,45
CALABRIA Totale,,,196561,57155,150403,180280,330837,174889,237001,923,1346,1329395
PUGLIA,BENZINA,Fino a 1400,157528,31854,116606,114704,193701,66096,99956,,1355,781800
PUGLIA,,1401 - 2000,27975,10639,17922,7560,11162,2850,4473,,166,82747
PUGLIA,,Oltre 2000,3878,1075,1551,968,2028,461,971,,12,10944
PUGLIA,,Non definito,43,,,,,,,,5,48
PUGLIA,BENZINA Totale,,189424,43568,136079,123232,206891,69407,105400,,1538,875539
PUGLIA,BENZINA E GAS LIQUIDO,Fino a 1400,6244,1089,3757,4284,44438,22775,40323,,11,122921
PUGLIA,,1401 - 2000,7561,2665,3788,1678,5534,3264,3547,,8,28045
PUGLIA,,Oltre 2000,431,146,230,180,438,16,4,,,1445
PUGLIA,,Non definito,4,,,2,1,,,,,7
PUGLIA,BENZINA E GAS LIQUIDO Totale,,14240,3900,7775,6144,50411,26055,43874,,19,152418
PUGLIA,BENZINA E METANO,Fino a 1400,862,313,1277,1387,15900,18339,11950,,3,50031
PUGLIA,,1401 - 2000,857,559,1410,1882,4465,57,61,,,9291
PUGLIA,,Oltre 2000,70,27,54,43,189,26,,,,409
PUGLIA,BENZINA E METANO Totale,,1789,899,2741,3312,20554,18422,12011,,3,59731
PUGLIA,ELETTRICITA,Non contemplato,,,,,,,,2285,,2285
PUGLIA,ELETTRICITA Totale,,,,,,,,,2285,,2285
PUGLIA,GASOLIO,Fino a 1400,8563,513,533,41769,187950,73920,36279,,2,349529
PUGLIA,,1401 - 2000,25432,10282,52086,140710,216283,185255,220525,,15,850588
PUGLIA,,Oltre 2000,16709,5049,12671,21387,21999,13777,17332,,17,108941
PUGLIA,,Non definito,1,,1,,,,,,1,3
PUGLIA,GASOLIO Totale,,50705,15844,65291,203866,426232,272952,274136,,35,1309061
PUGLIA,IBRIDO BENZINA,Fino a 1400,,,,,6,83,13123,,,13212
PUGLIA,,1401 - 2000,,,,,43,600,8253,,,8896
PUGLIA,,Oltre 2000,,,,1,26,26,1420,,,1473
PUGLIA,IBRIDO BENZINA Totale,,,,,1,75,709,22796,,,23581
PUGLIA,IBRIDO GASOLIO,1401 - 2000,,,,,,101,2858,,,2959
PUGLIA,,Oltre 2000,1,,,,,9,728,,,738
PUGLIA,IBRIDO GASOLIO Totale,,1,,,,,110,3586,,,3697
PUGLIA,METANO,Fino a 1400,43,18,25,23,9,1643,3689,,,5450
PUGLIA,,1401 - 2000,67,35,49,104,1504,600,1403,,,3762
PUGLIA,,Oltre 2000,7,1,2,1,2,,6,,,19
PUGLIA,METANO Totale,,117,54,76,128,1515,2243,5098,,,9231
PUGLIA,ALTRE,Fino a 1400,19,,,,,,,,,19
PUGLIA,,1401 - 2000,1,,,,,,,,,1
PUGLIA,,Non definito,1,,,,,,,,,1
PUGLIA,ALTRE Totale,,21,,,,,,,,,21
PUGLIA,NON DEFINITO,Fino a 1400,43,,,2,,,,,13,58
PUGLIA,,1401 - 2000,10,,,3,1,,,,1,15
PUGLIA,,Non definito,10,,,,,,,,3,13
PUGLIA,NON DEFINITO Totale,,63,,,5,1,,,,17,86
PUGLIA Totale,,,256360,64265,211962,336688,705679,389898,466901,2285,1612,2435650
BASILICATA,BENZINA,Fino a 1400,27591,6079,19772,17939,24340,8825,16303,,178,121027
BASILICATA,,1401 - 2000,4804,1902,2987,1140,1733,479,789,,23,13857
BASILICATA,,Oltre 2000,473,130,230,158,318,83,149,,1,1542
BASILICATA,,Non definito,37,,,,,,,,,37
BASILICATA,BENZINA Totale,,32905,8111,22989,19237,26391,9387,17241,,202,136463
BASILICATA,BENZINA E GAS LIQUIDO,Fino a 1400,789,191,595,524,4824,2365,5836,,,15124
BASILICATA,,1401 - 2000,987,506,646,216,727,344,352,,1,3779
BASILICATA,,Oltre 2000,44,25,37,27,67,2,,,,202
BASILICATA,,Non definito,20,5,4,3,10,,,,,42
BASILICATA,BENZINA E GAS LIQUIDO Totale,,1840,727,1282,770,5628,2711,6188,,1,19147
BASILICATA,BENZINA E METANO,Fino a 1400,78,27,120,100,1369,1694,2271,,,5659
BASILICATA,,1401 - 2000,53,38,106,136,309,6,9,,,657
BASILICATA,,Oltre 2000,5,1,5,3,31,3,,,,48
BASILICATA,BENZINA E METANO Totale,,136,66,231,239,1709,1703,2280,,,6364
BASILICATA,ELETTRICITA,Non contemplato,,,,,,,,387,,387
BASILICATA,ELETTRICITA Totale,,,,,,,,,387,,387
BASILICATA,GASOLIO,Fino a 1400,1434,143,95,4886,29799,11642,5842,,2,53843
BASILICATA,,1401 - 2000,4604,2432,11814,26215,34028,27935,32235,,4,139267
BASILICATA,,Oltre 2000,3301,1210,3223,4205,3979,2408,3299,,3,21628
BASILICATA,,Non definito,6,,,,3,,,,,9
BASILICATA,GASOLIO Totale,,9345,3785,15132,35306,67809,41985,41376,,9,214747
BASILICATA,IBRIDO BENZINA,Fino a 1400,,,,,,11,2419,,,2430
BASILICATA,,1401 - 2000,,,,,6,80,902,,,988
BASILICATA,,Oltre 2000,,,,,1,5,115,,,121
BASILICATA,IBRIDO BENZINA Totale,,,,,,7,96,3436,,,3539
BASILICATA,IBRIDO GASOLIO,1401 - 2000,,,,,,21,376,,,397
BASILICATA,,Oltre 2000,,,,,,1,114,,,115
BASILICATA,IBRIDO GASOLIO Totale,,,,,,,22,490,,,512
BASILICATA,METANO,Fino a 1400,21,6,17,13,8,211,583,,,859
BASILICATA,,1401 - 2000,30,14,23,10,71,39,249,,,436
BASILICATA,,Oltre 2000,1,1,2,,1,,1,,,6
BASILICATA,,Non definito,2,,1,,1,,,,,4
BASILICATA,METANO Totale,,54,21,43,23,81,250,833,,,1305
BASILICATA,ALTRE,Fino a 1400,1,,,,,,,,,1
BASILICATA,ALTRE Totale,,1,,,,,,,,,1
BASILICATA,NON DEFINITO,Fino a 1400,1,,,1,,,,,,2
BASILICATA,,Non definito,1,,,,,,,,1,2
BASILICATA,NON DEFINITO Totale,,2,,,1,,,,,1,4
BASILICATA Totale,,,44283,12710,39677,55576,101625,56154,71844,387,213,382469
SICILIA,BENZINA,Fino a 1400,307895,68417,219127,196706,312385,122398,196256,,1836,1425020
SICILIA,,1401 - 2000,53756,23257,39009,16115,20287,5245,8417,,220,166306
SICILIA,,Oltre 2000,5221,1392,2307,1768,2980,670,1248,,24,15610
SICILIA,,Non definito,232,3,,,,,,,5,240
SICILIA,BENZINA Totale,,367104,93069,260443,214589,335652,128313,205921,,2085,1607176
SICILIA,BENZINA E GAS LIQUIDO,Fino a 1400,7300,1377,3875,3149,38976,18527,24620,,11,97835
SICILIA,,1401 - 2000,10680,4345,5124,1835,4814,2861,2484,,8,32151
SICILIA,,Oltre 2000,437,168,318,219,554,28,6,,2,1732
SICILIA,,Non definito,4,,1,1,,,,,,6
SICILIA,BENZINA E GAS LIQUIDO Totale,,18421,5890,9318,5204,44344,21416,27110,,21,131724
SICILIA,BENZINA E METANO,Fino a 1400,333,84,359,359,6161,5769,3105,,1,16171
SICILIA,,1401 - 2000,268,171,428,464,1011,21,15,,1,2379
SICILIA,,Oltre 2000,14,8,22,14,49,4,,,,111
SICILIA,BENZINA E METANO Totale,,615,263,809,837,7221,5794,3120,,2,18661
SICILIA,ELETTRICITA,Non contemplato,,,,,,,,3096,,3096
SICILIA,ELETTRICITA Totale,,,,,,,,,3096,,3096
SICILIA,GASOLIO,Fino a 1400,12688,940,864,50133,244454,92481,38346,,7,439913
SICILIA,,1401 - 2000,33804,14009,74344,187124,254118,201718,254294,,21,1019432
SICILIA,,Oltre 2000,21595,8931,28140,34369,29916,17909,19484,,13,160357
SICILIA,,Non definito,9,2,2,1,,,,,,14
SICILIA,GASOLIO Totale,,68096,23882,103350,271627,528488,312108,312124,,41,1619716
SICILIA,IBRIDO BENZINA,Fino a 1400,,,,,10,96,17722,,,17828
SICILIA,,1401 - 2000,,,,,48,842,10929,,,11819
SICILIA,,Oltre 2000,,,,,22,21,1394,,,1437
SICILIA,IBRIDO BENZINA Totale,,,,,,80,959,30045,,,31084
SICILIA,IBRIDO GASOLIO,1401 - 2000,,,,,,75,2511,,,2586
SICILIA,,Oltre 2000,,,,1,,8,521,,,530
SICILIA,IBRIDO GASOLIO Totale,,,,,1,,83,3032,,,3116
SICILIA,METANO,Fino a 1400,26,7,22,8,34,849,1607,,,2553
SICILIA,,1401 - 2000,38,32,45,16,156,65,386,,,738
SICILIA,,Oltre 2000,3,2,2,4,3,,3,,,17
SICILIA,METANO Totale,,67,41,69,28,193,914,1996,,,3308
SICILIA,ALTRE,Fino a 1400,12,,1,,,,,,,13
SICILIA,,1401 - 2000,2,,1,2,,1,,,,6
SICILIA,,Oltre 2000,1,,,,,,,,,1
SICILIA,ALTRE Totale,,15,,2,2,,1,,,,20
SICILIA,NON DEFINITO,Fino a 1400,80,,,,,,,,8,88
SICILIA,,1401 - 2000,9,1,1,2,,,,,,13
SICILIA,,Oltre 2000,1,,,,,,,,,1
SICILIA,,Non definito,19,,,,,,,,8,27
SICILIA,NON DEFINITO Totale,,109,1,1,2,,,,,16,129
SICILIA Totale,,,454427,123146,373992,492290,915978,469588,583348,3096,2165,3418030
SARDEGNA,BENZINA,Fino a 1400,67713,14553,55367,64050,118301,50440,91452,,570,462446
SARDEGNA,,1401 - 2000,11596,5316,9977,6599,10376,2824,4526,,65,51279
SARDEGNA,,Oltre 2000,1097,317,569,546,1049,205,379,,9,4171
SARDEGNA,,Non definito,19,1,,,,,,,3,23
SARDEGNA,BENZINA Totale,,80425,20187,65913,71195,129726,53469,96357,,647,517919
SARDEGNA,BENZINA E GAS LIQUIDO,Fino a 1400,1303,238,713,630,9943,2805,2670,,3,18305
SARDEGNA,,1401 - 2000,1816,789,1126,618,1692,572,395,,3,7011
SARDEGNA,,Oltre 2000,115,49,108,89,194,11,1,,,567
SARDEGNA,,Non definito,1,,,,,,,,,1
SARDEGNA,BENZINA E GAS LIQUIDO Totale,,3235,1076,1947,1337,11829,3388,3066,,6,25884
SARDEGNA,BENZINA E METANO,Fino a 1400,52,8,29,19,155,115,52,,,430
SARDEGNA,,1401 - 2000,32,15,27,18,37,,,,,129
SARDEGNA,,Oltre 2000,1,2,2,1,,,,,,6
SARDEGNA,BENZINA E METANO Totale,,85,25,58,38,192,115,52,,,565
SARDEGNA,ELETTRICITA,Non contemplato,,,,,,,,1653,,1653
SARDEGNA,ELETTRICITA Totale,,,,,,,,,1653,,1653
SARDEGNA,GASOLIO,Fino a 1400,2211,224,89,14024,68993,27585,10016,,,123142
SARDEGNA,,1401 - 2000,7154,2716,14344,53444,93897,78277,100401,,5,350238
SARDEGNA,,Oltre 2000,5441,2726,9243,12400,12364,7244,6387,,6,55811
SARDEGNA,,Non definito,3,,,,,,,,,3
SARDEGNA,GASOLIO Totale,,14809,5666,23676,79868,175254,113106,116804,,11,529194
SARDEGNA,IBRIDO BENZINA,Fino a 1400,,,,,5,49,6922,,,6976
SARDEGNA,,1401 - 2000,,,,1,42,382,5430,,,5855
SARDEGNA,,Oltre 2000,,,,,11,12,702,,,725
SARDEGNA,IBRIDO BENZINA Totale,,,,,1,58,443,13054,,,13556
SARDEGNA,IBRIDO GASOLIO,1401 - 2000,,,,,,26,851,,,877
SARDEGNA,,Oltre 2000,,,,,,6,151,,,157
SARDEGNA,IBRIDO GASOLIO Totale,,,,,,,32,1002,,,1034
SARDEGNA,METANO,Fino a 1400,2,1,3,,1,11,14,,,32
SARDEGNA,,1401 - 2000,1,,,1,11,4,7,,,24
SARDEGNA,METANO Totale,,3,1,3,1,12,15,21,,,56
SARDEGNA,ALTRE,Fino a 1400,4,,,,,,,,,4
SARDEGNA,ALTRE Totale,,4,,,,,,,,,4
SARDEGNA,NON DEFINITO,Fino a 1400,20,,,,,,,,2,22
SARDEGNA,,1401 - 2000,1,,,,,,,,2,3
SARDEGNA,,Oltre 2000,1,,,,,,,,,1
SARDEGNA,,Non definito,6,,,,,,,,,6
SARDEGNA,NON DEFINITO Totale,,28,,,,,,,,4,32
SARDEGNA Totale,,,98589,26955,91597,152440,317071,170568,230356,1653,668,1089897
NON DEFINITO,BENZINA,Fino a 1400,5419,123,277,62,116,,,,98,6095
NON DEFINITO,,1401 - 2000,2669,118,111,22,24,,,,17,2961
NON DEFINITO,,Oltre 2000,484,20,26,12,8,,,,2,552
NON DEFINITO,,Non definito,9,,,,,,,,8,17
NON DEFINITO,BENZINA Totale,,8581,261,414,96,148,,,,125,9625
NON DEFINITO,BENZINA E GAS LIQUIDO,Fino a 1400,91,1,1,,,,,,,93
NON DEFINITO,,1401 - 2000,109,6,4,1,,,,,,120
NON DEFINITO,,Oltre 2000,9,3,,,,,,,,12
NON DEFINITO,,Non definito,2,,,,,,,,,2
NON DEFINITO,BENZINA E GAS LIQUIDO Totale,,211,10,5,1,,,,,,227
NON DEFINITO,BENZINA E METANO,Fino a 1400,27,1,1,,6,,,,,35
NON DEFINITO,,1401 - 2000,23,1,1,1,,,,,,26
NON DEFINITO,,Oltre 2000,2,,,,,,,,,2
NON DEFINITO,BENZINA E METANO Totale,,52,2,2,1,6,,,,,63
NON DEFINITO,GASOLIO,Fino a 1400,178,2,,3,14,1,,,,198
NON DEFINITO,,1401 - 2000,1072,31,34,35,28,1,,,2,1203
NON DEFINITO,,Oltre 2000,758,27,32,25,7,,,,4,853
NON DEFINITO,,Non definito,1,,,,,,,,,1
NON DEFINITO,GASOLIO Totale,,2009,60,66,63,49,2,,,6,2255
NON DEFINITO,METANO,Fino a 1400,1,,,,,,,,,1
NON DEFINITO,,1401 - 2000,,,,,1,,,,,1
NON DEFINITO,METANO Totale,,1,,,,1,,,,,2
NON DEFINITO,NON DEFINITO,Fino a 1400,24,4,1,1,,,,,4,34
NON DEFINITO,,1401 - 2000,19,14,,1,,,,,3,37
NON DEFINITO,,Oltre 2000,3,9,,,,,,,2,14
NON DEFINITO,,Non definito,2124,4,,,,,,,1784,3912
NON DEFINITO,NON DEFINITO Totale,,2170,31,1,2,,,,,1793,3997
NON DEFINITO Totale,,,13024,364,488,163,204,2,,,1924,16169
ITALIA,BENZINA,Fino a 1400,2155528,415941,1490449,1617895,3533888,1884990,3826115,,16234,14941040
ITALIA,,1401 - 2000,532881,208570,395351,218493,500577,201859,476943,,2401,2537075
ITALIA,,Oltre 2000,94232,23947,38694,31477,66886,18646,53032,,379,327293
ITALIA,,Non definito,1173,8,5,1,2,6,,,53,1248
ITALIA,BENZINA Totale,,2783814,648466,1924499,1867866,4101353,2105501,4356090,,19067,17806656
ITALIA,BENZINA E GAS LIQUIDO,Fino a 1400,88075,14883,52643,61506,707407,429669,825222,,193,2179598
ITALIA,,1401 - 2000,98875,35903,58089,32220,151465,85299,104336,,137,566324
ITALIA,,Oltre 2000,7448,2596,5554,5131,13586,1117,559,,15,36006
ITALIA,,Non definito,79,8,6,9,22,1,,,4,129
ITALIA,BENZINA E GAS LIQUIDO Totale,,194477,53390,116292,98866,872480,516086,930117,,349,2782057
ITALIA,BENZINA E METANO,Fino a 1400,17740,4137,16694,17706,229840,228804,184073,,39,699033
ITALIA,,1401 - 2000,13368,5683,14205,17543,51612,937,1229,,21,104598
ITALIA,,Oltre 2000,831,274,514,369,3099,430,1,,3,5521
ITALIA,,Non definito,4,,,,,,,,1,5
ITALIA,BENZINA E METANO Totale,,31943,10094,31413,35618,284551,230171,185303,,64,809157
ITALIA,ELETTRICITA,Non contemplato,,,,,,,,118034,,118034
ITALIA,ELETTRICITA Totale,,,,,,,,,118034,,118034
ITALIA,GASOLIO,Fino a 1400,86288,5197,4436,347056,1662373,889165,508683,,47,3503245
ITALIA,,1401 - 2000,285123,94744,485265,1412759,2375968,2674510,4360819,,171,11689359
ITALIA,,Oltre 2000,195468,65149,209994,343559,384575,298625,402945,,190,1900505
ITALIA,,Non definito,141,5,8,7,5,1,,,1,168
ITALIA,GASOLIO Totale,,567020,165095,699703,2103381,4422921,3862301,5272447,,409,17093277
ITALIA,IBRIDO BENZINA,Fino a 1400,1,,,,483,4718,403133,,,408335
ITALIA,,1401 - 2000,8,,2,1,2793,35950,410834,,,449588
ITALIA,,Oltre 2000,3,,,1,1985,1700,65392,,,69081
ITALIA,,Non definito,1,,,,,,1,,,2
ITALIA,IBRIDO BENZINA Totale,,13,,2,2,5261,42368,879360,,,927006
ITALIA,IBRIDO GASOLIO,Fino a 1400,,,,,,,3,,,3
ITALIA,,1401 - 2000,1,,1,2,,1720,82358,,,84082
ITALIA,,Oltre 2000,11,,,13,,294,20085,,,20403
ITALIA,IBRIDO GASOLIO Totale,,12,,1,15,,2014,102446,,,104488
ITALIA,METANO,Fino a 1400,503,115,270,208,273,25709,74803,,,101881
ITALIA,,1401 - 2000,545,205,383,1588,25424,11718,33857,,,73720
ITALIA,,Oltre 2000,54,10,21,8,40,4,60,,,197
ITALIA,,Non definito,2,,1,,1,,5,,,9
ITALIA,METANO Totale,,1104,330,675,1804,25738,37431,108725,,,175807
ITALIA,ALTRE,Fino a 1400,517,1,2,,6,14,4,,,544
ITALIA,,1401 - 2000,10,5,6,6,5,3,10,,,45
ITALIA,,Oltre 2000,2,,1,,2,,2,,,7
ITALIA,,Non definito,2,,,,,,11,,,13
ITALIA,ALTRE Totale,,531,6,9,6,13,17,27,,,609
ITALIA,NON DEFINITO,Fino a 1400,882,8,5,34,10,,,,107,1046
ITALIA,,1401 - 2000,176,23,8,22,11,,,,19,259
ITALIA,,Oltre 2000,19,9,1,7,1,,,,4,41
ITALIA,,Non definito,2383,7,,,6,2,,,1888,4286
ITALIA,NON DEFINITO Totale,,3460,47,14,63,28,2,,,2018,5632
TOTALE NAZIONALE,,,3582374,877428,2772608,4107621,9712345,6795891,11834515,118034,21907,39822723
